{"cameraMode":{"drawMode":0,"name":"Shaded","section":"Shading Mode"},"sceneLighting":true,"audioPlay":false,"sceneViewState":{"showFog":true,"showMaterialUpdate":false,"showSkybox":true,"showFlares":true,"showImageEffects":true,"showParticleSystems":true},"in2DMode":false,"pivot":{"x":103.48654174804688,"y":-12.491986274719239,"z":128.16983032226563},"rotation":{"x":0.05665978789329529,"y":0.340686172246933,"z":-0.020573437213897706,"w":0.9382426738739014},"size":188.50302124023438,"orthographic":false}