{"cameraMode":{"drawMode":0,"name":"Shaded","section":"Shading Mode"},"sceneLighting":true,"audioPlay":false,"sceneViewState":{"showFog":true,"showMaterialUpdate":false,"showSkybox":true,"showFlares":true,"showImageEffects":true,"showParticleSystems":true},"in2DMode":false,"pivot":{"x":-156.3482666015625,"y":69.73442840576172,"z":105.29853057861328},"rotation":{"x":-0.11082307249307633,"y":-0.4998319745063782,"z":-0.06466376781463623,"w":0.8565657734870911},"size":235.7672119140625,"orthographic":false}